x,y,z,uuid,type,alive,display_name,custom_name
7.738660340796865,55.0,-2.8017193604171204,e5af43f1-ea48-4b9f-b093-f1097bff496a,minecraft:piglin_brute,true,Piglin Brute,[null]
-15.426571984696968,69.0,-17.343531353223554,3f5c79ad-7841-4802-9411-0adc5fffa0e7,minecraft:piglin,true,Piglin,[null]
-23.510051918522535,83.0,-18.514131830906628,9b723b9c-a12a-47e9-856e-41f09d8ef48b,minecraft:piglin_brute,true,Piglin Brute,[null]
-24.48987168955604,83.0,-20.488833153942796,f8e9ba27-65ee-41b3-8610-df034f98c4b1,minecraft:piglin_brute,true,Piglin Brute,[null]
-23.488833153942796,83.0,-16.51012831044396,5396e4cb-e4cf-4ed2-990f-fdcbf2c5fe37,minecraft:piglin_brute,true,Piglin Brute,[null]
15.510051918522535,44.0,-18.485868169093372,21460fa9-e5b7-446c-a5a8-bf103e69201c,minecraft:piglin_brute,true,Piglin Brute,[null]
4.468871444742305,39.0,-25.527217940763826,36b2b946-f9f6-4c62-b7b0-cfa33ecd7f7b,minecraft:piglin,true,Piglin,[null]
3.4265719846969684,51.0,-16.656468646776446,e53a9ef8-8a01-4be8-a255-ad7410594244,minecraft:piglin,true,Piglin,[null]
3.488833153942796,51.0,-19.48987168955604,65833387-7dac-4f57-821c-b8ccabc7d12e,minecraft:piglin_brute,true,Piglin Brute,[null]
4.488833153942796,69.0,-17.48987168955604,f3ad5c0f-9418-4f41-b8fc-95d82844f4ec,minecraft:piglin_brute,true,Piglin Brute,[null]
4.343531353223554,69.0,-19.42657198469697,550d972b-1374-42c6-b5ec-a2646000129e,minecraft:piglin,true,Piglin,[null]
5.485868169093371,69.0,-18.489948081477465,861cf24f-4540-4325-8bcf-83e8d1523b8a,minecraft:piglin_brute,true,Piglin Brute,[null]
5.427637025529924,38.0,-16.06036425841506,e61465d9-8eae-485f-a9d1-acb686fb33c1,minecraft:piglin,true,Piglin,[null]
3.512703703629577,56.0,-16.068273437612593,3faf2b9b-7188-4eb9-9175-8d9ec09393fc,minecraft:piglin_brute,true,Piglin Brute,[null]
5.345663237781628,38.0,-16.030473472642576,0adfc229-a9dd-4dbb-87cb-f7efe2d47a17,minecraft:piglin_brute,true,Piglin Brute,[null]
-26.511166846057204,82.0,-1.4898716895560398,53ea58ea-b088-4a4a-b4bc-ca0532ba664f,minecraft:piglin_brute,true,Piglin Brute,[null]
-26.48987168955604,82.0,-5.488833153942796,6a6d5bed-ddc5-49ae-abd0-c2a5c68155d9,minecraft:piglin_brute,true,Piglin Brute,[null]
-24.48987168955604,82.0,-3.488833153942796,d61d3e89-ed0b-4b0a-9a14-c05c649ffc8b,minecraft:piglin_brute,true,Piglin Brute,[null]
-25.57342801530303,55.0,-7.656468646776446,24321be4-468c-4eba-8208-ddff1416c591,minecraft:piglin,true,Piglin,[null]
-22.42657198469697,63.0,-3.343531353223554,3d2ce959-1a11-4bb8-a8ec-d526c0d86d74,minecraft:piglin,true,Piglin,[null]
27.511166846057204,44.0,-18.51012831044396,5bb97174-bf04-4495-866a-11c91109040b,minecraft:piglin_brute,true,Piglin Brute,[null]
21.70312098621869,39.0,-16.061813344548263,01defb74-7aa9-4ee8-bbbb-97407dc31da7,minecraft:piglin_brute,true,Piglin Brute,[null]
33.343531353223554,39.0,-28.42657198469697,4d5d2237-61a6-401a-970d-4fc9b0b6eba2,minecraft:piglin,true,Piglin,[null]
33.531128555257695,60.0,-26.472782059236174,f556df1c-e3f4-4d05-b53d-6baa2fedefd7,minecraft:piglin,true,Piglin,[null]
33.510051918522535,39.0,-9.48586816909337,2b12ccfb-5ae9-4855-8f68-1fd7851355c9,minecraft:piglin_brute,true,Piglin Brute,[null]
34.42657198469697,56.0,-7.656468646776446,6a0aa9ca-ec52-4c02-9584-ed1e38ecb129,minecraft:piglin,true,Piglin,[null]
34.42657198469697,56.0,-10.656468646776446,6c9dafbb-abe4-4a28-8d05-3adaf1f69207,minecraft:piglin,true,Piglin,[null]
32.02105290280131,39.7967356006687,-1.5224473274553443,3cdcd9fe-ea17-46b2-ab5f-9d7b8928bf3e,minecraft:piglin,true,Piglin,[null]
32.00882809999262,59.0,-4.381893284143047,3c797e0f-6525-42fb-a0be-e0a2f33a8e9a,minecraft:piglin_brute,true,Piglin Brute,[null]
32.01240764201408,48.0,-3.003014600082858,1a62f7da-7a87-4be6-9e3a-c0dd08e96921,minecraft:piglin,true,Piglin,[null]
32.007598783001164,48.0,-3.6239884946252197,3006df09-31df-4e60-afe3-0b3e663eb1c6,minecraft:piglin,true,Piglin,[null]
20.0,31.0,34.0,0da8a4ac-c56c-487b-82b9-8f528b509d12,minecraft:strider,true,Strider,[null]
8.656468646776446,39.0,-32.57342801530303,8543e7e8-54ba-4e43-bca3-6ef8d2e49592,minecraft:piglin,true,Piglin,[null]
10.527217940763826,60.0,-32.531128555257695,e4b3d90f-ec65-4cec-96b8-bb01a4789281,minecraft:piglin,true,Piglin,[null]
27.514131830906628,39.0,-32.510051918522535,666df3af-4111-40b3-a50f-8e1a4f81bc09,minecraft:piglin_brute,true,Piglin Brute,[null]
27.343531353223554,69.0,-32.42657198469697,99a69d67-0966-4bee-acc3-60265278037d,minecraft:piglin,true,Piglin,[null]
25.656468646776446,69.0,-32.57342801530303,00327a82-eb07-44f6-adf4-035e8b00818d,minecraft:piglin,true,Piglin,[null]
26.42657198469697,56.0,-33.656468646776446,58ce865c-155d-40b0-a1cb-8d58b57b44fc,minecraft:piglin,true,Piglin,[null]
29.57342801530303,56.0,-33.343531353223554,fc26cdfd-3055-426b-b30b-4c3fb812d895,minecraft:piglin,true,Piglin,[null]
5.0,31.0,48.89999997615814,6516837b-702b-4d50-a1cc-77b971c6b07a,minecraft:strider,true,Strider,[null]
