x,y,z,uuid,type,alive,display_name,custom_name
33.5,89.0,-24.5,fb4c839f-adba-4f1d-953f-54ccbe9fdd58,minecraft:end_crystal,true,End Crystal,[null]
42.5,77.0,0.5,205f91d7-4ae0-4157-a913-978a7c4b677c,minecraft:end_crystal,true,End Crystal,[null]
33.5,92.0,24.5,d873a589-e9b3-46a4-bb81-de43416106dd,minecraft:end_crystal,true,End Crystal,[null]
12.5,80.0,39.5,d4567575-a004-46f3-8387-d0a8ce41aaf0,minecraft:end_crystal,true,End Crystal,[null]
-12.5,86.0,-39.5,315dd7a4-2670-49d3-ab54-ad8035668921,minecraft:end_crystal,true,End Crystal,[null]
-33.5,83.0,-24.5,1f18b266-636d-41f5-8b70-f1a42c0cbed4,minecraft:end_crystal,true,End Crystal,[null]
-12.5,98.0,39.5,58f46126-5bd4-47c0-9e8f-099c08628f6d,minecraft:end_crystal,true,End Crystal,[null]
-41.5,95.0,-0.5,cb987bfe-c193-41a4-a167-4a146934d4e8,minecraft:end_crystal,true,End Crystal,[null]
12.5,104.0,-39.5,a5eb12fb-61df-4470-a239-272b1fa9217b,minecraft:end_crystal,true,End Crystal,[null]
-33.5,101.0,24.5,05b68be3-4c2a-4469-8ca2-da6f9f8d4968,minecraft:end_crystal,true,End Crystal,[null]
