x,y,z,type
1574,-38,-736,minecraft:sculk_shrieker
1590,47,-750,minecraft:mob_spawner
1567,-53,-739,minecraft:sculk_sensor
1562,-52,-738,minecraft:sculk_sensor
1563,-52,-741,minecraft:sculk_catalyst
1567,-53,-737,minecraft:sculk_sensor
1562,-52,-739,minecraft:sculk_sensor
1567,-52,-742,minecraft:sculk_shrieker
1563,-53,-730,minecraft:sculk_shrieker
1561,-52,-735,minecraft:sculk_sensor
1567,-52,-736,minecraft:sculk_sensor
1559,-53,-733,minecraft:sculk_shrieker
1577,-46,-790,minecraft:mob_spawner
1624,-46,-720,minecraft:sculk_sensor
1604,-52,-707,minecraft:sculk_sensor
1604,-49,-719,minecraft:sculk_catalyst
1610,-37,-712,minecraft:sculk_sensor
1615,-41,-712,minecraft:sculk_sensor
1612,-37,-715,minecraft:sculk_sensor
1610,-38,-713,minecraft:sculk_catalyst
1546,-54,-719,minecraft:sculk_catalyst
1589,9,-697,minecraft:mob_spawner
1609,-54,-704,minecraft:sculk_sensor
660,72,-3264,minecraft:smoker
660,72,-3265,minecraft:smoker
663,-9,-3284,minecraft:mob_spawner
719,76,-3214,minecraft:smoker
567,-36,-3256,minecraft:mob_spawner
585,-52,-3231,minecraft:mob_spawner
767,-9,-3171,minecraft:vault
631,-2,-3374,minecraft:mob_spawner
750,-13,-3154,minecraft:vault
750,-13,-3164,minecraft:vault
655,68,-3111,minecraft:blast_furnace
709,71,-3111,minecraft:bell
709,71,-3119,minecraft:bell
668,68,-3099,minecraft:brewing_stand
841,-32,-3233,minecraft:mob_spawner
514,-32,-3236,minecraft:mob_spawner
759,-15,-3159,minecraft:vault
755,-14,-3159,minecraft:trial_spawner
866,-51,-3262,minecraft:mob_spawner
771,-16,-3159,minecraft:trial_spawner
777,-20,-3163,minecraft:vault
723,68,-3109,minecraft:brewing_stand
586,-50,-3139,minecraft:mob_spawner
658,-41,-3448,minecraft:mob_spawner
789,-15,-3159,minecraft:vault
818,-22,-3191,minecraft:vault
808,-14,-3173,minecraft:trial_spawner
626,-5,-3093,minecraft:mob_spawner
798,-19,-3145,minecraft:trial_spawner
828,-14,-3173,minecraft:trial_spawner
818,-19,-3183,minecraft:trial_spawner
830,-13,-3178,minecraft:vault
808,-26,-3159,minecraft:trial_spawner
813,-26,-3159,minecraft:trial_spawner
798,-19,-3125,minecraft:trial_spawner
846,-10,-3169,minecraft:vault
854,-16,-3169,minecraft:trial_spawner
848,-21,-3169,minecraft:trial_spawner
855,-25,-3174,minecraft:vault
848,-11,-3174,minecraft:trial_spawner
617,-45,-3455,minecraft:mob_spawner
803,-18,-3123,minecraft:vault
808,-24,-3135,minecraft:trial_spawner
842,-20,-3164,minecraft:vault
855,-25,-3164,minecraft:vault
853,-9,-3161,minecraft:vault
848,-11,-3164,minecraft:trial_spawner
816,-27,-3135,minecraft:vault
834,-19,-3134,minecraft:trial_spawner
834,-26,-3134,minecraft:trial_spawner
834,-26,-3129,minecraft:trial_spawner
813,-30,-3100,minecraft:mob_spawner
541,-1,-3115,minecraft:mob_spawner
834,-14,-3107,minecraft:vault
841,-8,-3101,minecraft:vault
836,-3,-3091,minecraft:vault
843,26,-3453,minecraft:mob_spawner
879,-31,-3085,minecraft:mob_spawner
470,33,-3317,minecraft:mob_spawner
854,-40,-3467,minecraft:mob_spawner
675,72,-3262,minecraft:furnace
660,72,-3267,minecraft:blast_furnace
660,72,-3266,minecraft:blast_furnace
