x,y,z,uuid,type,alive,display_name,custom_name
1573.383736893797,67.0,-781.515527659035,5976793a-aa7a-4adf-996c-d5f68e6276d1,minecraft:enderman,true,Enderman,[null]
1594.1152488448886,111.0,-739.4995358417857,bf6538b1-c30f-448c-972d-58939f02cec0,minecraft:chicken,true,Chicken,[null]
1622.4534103547041,85.0,-778.7437677308607,1dbb64e6-2203-43e3-9a20-12128db3a4da,minecraft:sheep,true,Sheep,[null]
1566.929443359375,87.0,-748.191162109375,1f7327ad-e83a-4d9e-84ad-9ab6726b34b8,minecraft:item,true,Rotten Flesh,[null]
1614.844906952237,92.0,-769.3456354300577,777d0211-a334-48cb-aa34-eb7b8c286a19,minecraft:chicken,true,Chicken,[null]
1630.8016154369127,91.0,-762.4499999880791,f5f944d0-3ad2-45d3-a554-5eb7075d3c8a,minecraft:sheep,true,Sheep,[null]
1563.5,9.0625,-730.5,f98051c3-a444-43b6-9946-00912e8372f2,minecraft:chest_minecart,true,Minecart with Chest,[null]
1589.8774308151314,32.0,-707.9883602540775,0a51a7e5-f057-40c3-90da-23840ecce7c4,minecraft:enderman,true,Enderman,[null]
1647.449999988079,75.0,-788.8557254540168,73a5f3ba-e8a0-4171-b8d9-254c72ca16d8,minecraft:cow,true,Cow,[null]
1633.1744956457944,77.0,-798.8253964587559,af1438f0-1ab3-4c31-afe9-e8afeadc081e,minecraft:sheep,true,Sheep,[null]
1632.1497547757626,80.0,-777.8371062896737,e93e1808-ff80-4c03-8861-567ff0cb0672,minecraft:sheep,true,Sheep,[null]
1546.5548368896982,9.0,-729.2683208840322,4f7bf9b5-f7b4-4434-bae5-bd9bad5c26fc,minecraft:enderman,true,Enderman,[null]
1539.5,10.0625,-713.5,c394a909-5ac8-4213-9663-3ce6a8a5860a,minecraft:chest_minecart,true,Minecart with Chest,[null]
1599.5277197997189,119.0,-695.4819661853613,1327cda8-4fe8-43e5-bf7f-f60afc9195b2,minecraft:fox,true,Fox,[null]
1634.7846700334924,119.0,-693.2611945577343,4192f56f-168c-442d-9b04-777f67e4f78a,minecraft:fox,true,Fox,[null]
671.279917915821,72.0,-3264.0179981878873,0cff1804-b811-4cb6-bb22-d106d0737268,minecraft:player,true,LowdFX,[null]
636.5,39.0,-3284.5,79c74c8f-96f4-4852-82d7-d0af3ad3bed2,minecraft:skeleton,true,Skeleton,[null]
647.5,-4.0,-3265.5,59fb1ec4-5252-4c92-9acd-cd401b5a990d,minecraft:skeleton,true,Skeleton,[null]
707.5,-46.0,-3290.5,a8a231d3-26b1-4256-a20c-256af58800c3,minecraft:zombie,true,Zombie,[null]
688.5,43.0,-3222.5,66a81adb-7e2a-4176-b311-826b5b0aa470,minecraft:zombie,true,Zombie,[null]
486.44999998807907,109.0,-3119.6026612369064,ef0acca1-eda6-4077-ad46-99069af3df67,minecraft:pig,true,Pig,[null]
642.4720877910308,62.0,-3219.7366860373213,4e9fd064-9fe4-4d5b-92c6-a343110aa503,minecraft:skeleton,true,Skeleton,[null]
473.3223892090361,90.0,-3324.3406254123165,23635fe8-d716-4f3d-a974-b3052fe6f1ae,minecraft:enderman,true,Enderman,[null]
659.1653087982121,14.0,-3196.527550983023,d753421e-2ac9-42a3-a554-4ca622d9f840,minecraft:creeper,true,Creeper,[null]
646.4261112896336,-35.0,-3227.7420631174177,32a2dffc-3f9a-439e-bba2-60b56bb77f34,minecraft:skeleton,true,Skeleton,[null]
634.2349619644621,36.51812747328815,-3208.427904257717,a14f93c9-3c09-44ad-a7aa-db9e9335bc19,minecraft:bat,true,Bat,[null]
610.8275318435068,-9.0,-3238.464693949512,f167cd19-7413-4e09-aa18-7e4f4e965f95,minecraft:zombie,true,Zombie,[null]
650.222018391142,29.0,-3272.4696014986393,241a3eb7-4a18-462a-9bca-88ec4c9c5990,minecraft:creeper,true,Creeper,[null]
679.2871800853733,59.0,-3240.300000011921,90da66d9-eff3-4f0e-a1f7-6100155f0e4d,minecraft:enderman,true,Enderman,[null]
700.2536731371735,55.765930717936634,-3294.808798051233,9411c6f4-aa79-48bb-a742-b8427225fc7f,minecraft:cod,true,Cod,[null]
717.451248883554,41.0,-3223.363213737556,1d6de60c-87e5-4f5e-a1c7-280b889b1bc9,minecraft:zombie_villager,true,Zombie Villager,[null]
632.2110373087794,37.25063795533933,-3263.4121313731393,40bccc7e-8bab-4376-8d1b-ea5c4d1cc962,minecraft:bat,true,Bat,[null]
510.26806592778865,119.0,-3337.697638324657,0a7c376b-82ef-480d-b49b-ba687ecdf91c,minecraft:cat,true,Cat,[null]
697.2937778210096,60.006923116656466,-3301.143166863383,f81cdb5b-da18-409e-8915-c51b7c576df2,minecraft:cod,true,Cod,[null]
630.5,35.0,-3209.5,ef1d9a24-5b10-4861-b481-1f625bf56933,minecraft:spider,true,Spider,[null]
713.4293870672379,56.484824735011884,-3278.476716207842,cc1b87c9-b486-45ab-ad41-d488d589d5d7,minecraft:cod,true,Cod,[null]
681.5272146671674,-42.72528335134067,-3290.440679597025,3ae23557-b608-4e6a-bdb3-fff718edbca5,minecraft:bat,true,Bat,[null]
678.554754872888,-14.899999976158142,-3185.5921006284884,b8733c74-8cf2-464d-828c-2fb942098d57,minecraft:bat,true,Bat,[null]
663.5,2.0,-3267.5,de98bd92-1591-40ae-a826-6c02e5886f5c,minecraft:skeleton,true,Skeleton,[null]
692.7117166601396,-1.0,-3178.5117293820804,e0228588-a31c-414f-8668-0f1bcbd31f4e,minecraft:skeleton,true,Skeleton,[null]
674.275517320376,-28.0,-3216.5061445049023,ccbf84d2-4360-4591-be23-8f819382dbe2,minecraft:zombie,true,Zombie,[null]
674.6601381655782,6.324008009862155,-3320.2369051640853,fab1ebb2-dfd1-40e9-b602-35adc8acf0fb,minecraft:glow_squid,true,Glow Squid,[null]
712.4552680374586,57.918859543666755,-3278.542638744857,b71bfe70-60dd-49dc-b3b2-8ee3a5b1db24,minecraft:cod,true,Cod,[null]
626.5,39.0,-3231.5,14521e11-3bfb-401f-8bc8-580eac19a17a,minecraft:zombie,true,Zombie,[null]
687.5590076988224,76.0,-3212.4393573020393,aff736ca-b6f4-4a29-8074-c8bf0f2ebf7c,minecraft:villager,true,Librarian,[null]
685.5,76.0,-3212.5,939b6060-a601-48c8-9858-34f411a8a32a,minecraft:villager,true,Librarian,[null]
678.6597907711644,62.0,-3208.4584030191236,54884b34-749d-49c1-ab52-a3f2e77d75bf,minecraft:enderman,true,Enderman,[null]
642.5,-13.0,-3325.5,bdd09c3c-cb77-4bb3-89da-b8d1b00be2b5,minecraft:skeleton,true,Skeleton,[null]
604.1727241669263,0.6997840013757501,-3266.0554240255374,9d63b214-21d3-48b1-b470-90cb4b221af1,minecraft:bat,true,Bat,[null]
604.5,35.0,-3243.5,3b753f6e-b97b-4614-9a66-3d1174613bb2,minecraft:spider,true,Spider,[null]
698.8342575054045,53.35267961493393,-3302.834349296807,577837ee-7c14-4b51-b06a-468ac22c3214,minecraft:cod,true,Cod,[null]
700.4994732389878,46.18271233126621,-3297.4149153471226,8b0aed79-b1f6-44f5-8506-6a7aad6202b0,minecraft:cod,true,Cod,[null]
614.5,-3.0,-3233.5,ca3ae5b9-bc5c-4288-8d7e-fad93d11528f,minecraft:enderman,true,Enderman,[null]
732.2900853911415,10.636598846875131,-3314.4476107228547,b26255d7-eeac-4783-b046-8b581983716a,minecraft:glow_squid,true,Glow Squid,[null]
650.5,10.0,-3312.5,bd3328b4-fe4a-4ef6-adf4-34289145aea5,minecraft:creeper,true,Creeper,[null]
650.4915596505274,29.0,-3269.7861400239785,2f45bc03-6aa4-4eb4-96fe-ecdd00c5866e,minecraft:skeleton,true,Skeleton,[null]
621.5,-3.0,-3238.5,1cacf349-d1a8-4126-b14f-6bb0899e2a7f,minecraft:zombie,true,Zombie,[null]
724.6549386451253,22.0,-3188.3612757391234,ba481fe8-2c80-4795-9679-fc515e32b888,minecraft:spider,true,Spider,[null]
700.4403870492447,47.04950397873566,-3298.455590330619,75559479-eb7d-43a0-aa44-3dd347717e8f,minecraft:cod,true,Cod,[null]
470.14015404797925,112.0,-3171.7864379101024,678b583e-1e15-4b0b-b8dd-5cdb927da34d,minecraft:cow,true,Cow,[null]
698.3024304561508,-23.0,-3322.514209835478,854cabb5-9608-4c99-98b2-a67a2177e77a,minecraft:skeleton,true,Skeleton,[null]
630.5098246827424,-9.0,-3279.277868506201,b63cab08-d134-434f-b382-a957601a3d70,minecraft:skeleton,true,Skeleton,[null]
627.5,-11.0,-3280.5,37b76cbb-9788-4dd6-88bc-95db82d26899,minecraft:creeper,true,Creeper,[null]
592.5,-7.0,-3261.5,7ee04e51-9686-47e3-8188-9f929c170ea4,minecraft:creeper,true,Creeper,[null]
683.9982458079286,77.0,-3197.958768672643,4343e6ea-5057-4898-acbd-4e1e9a4d0d5d,minecraft:iron_golem,true,Iron Golem,[null]
602.6999999880791,18.100000023841858,-3281.300000011921,3b0c9908-4e10-47a8-8d8f-adcca8908129,minecraft:spider,true,Spider,[null]
701.5,76.0,-3212.699999988079,ac330e13-0a62-41cd-bfe4-407423dd3548,minecraft:villager,true,Librarian,[null]
697.5,76.0,-3212.5,efc1784e-2654-4fa9-8b07-4f65b8e54686,minecraft:villager,true,Librarian,[null]
703.5,76.0,-3212.5,a739cd16-f39a-4390-bda0-dac87be4b932,minecraft:villager,true,Librarian,[null]
699.5,76.0,-3212.5,a492d051-0079-4753-a478-f9892d81e302,minecraft:villager,true,Librarian,[null]
695.5,76.0,-3212.5,fa6fce35-48c3-4736-bc75-7bb274738f45,minecraft:villager,true,Librarian,[null]
693.5,76.0,-3212.5,243323e5-1a48-4765-8d8e-ff3751aebb7b,minecraft:villager,true,Librarian,[null]
691.5,76.0,-3212.5,9abe6172-477f-4f0b-b9f4-84aac097845f,minecraft:villager,true,Librarian,[null]
689.5,76.0,-3212.5,85256557-d8a7-4b40-b558-8110f2195825,minecraft:villager,true,Librarian,[null]
699.4806969598034,55.507539513268796,-3294.294535840634,5ed81a6e-1778-4fb4-b6b6-492cd4531e11,minecraft:cod,true,Cod,[null]
597.5724754133166,-0.7631427897122374,-3251.0695062518284,a567c592-c5bc-41f8-9849-458599629947,minecraft:bat,true,Bat,[null]
696.2698996860087,59.065884949284154,-3302.6288635714436,c9f9cd4c-d6ff-4414-b9b9-3c597acfc053,minecraft:cod,true,Cod,[null]
662.5,4.0,-3275.5,af0659e9-be27-48e0-a816-3c846313faa1,minecraft:zombie,true,Zombie,[null]
699.5532218229711,46.0,-3212.8266128348905,b2f85c12-33f9-4681-a771-fce17f0f255b,minecraft:zombie,true,Zombie,[null]
699.494076859111,55.74581997624329,-3293.4805242077045,2b2a3c2c-40e2-4600-af72-2a003f1f75f9,minecraft:cod,true,Cod,[null]
610.5,39.0,-3342.5,81d3eff4-3322-4816-a2a4-d22f6ffeb2a0,minecraft:creeper,true,Creeper,[null]
476.55040811727474,109.0,-3177.494331318029,b4ab8f33-a183-4a11-9fa7-f883c905cdf6,minecraft:cow,true,Cow,[null]
668.5,-12.0,-3212.5,1e67ce72-4353-4c1b-87b1-6664710ab35b,minecraft:skeleton,true,Skeleton,[null]
655.2196367991486,40.0,-3286.467017481172,712d9d9c-0bec-424a-b9cc-2da1e5002ada,minecraft:creeper,true,Creeper,[null]
673.4899188106059,-1.0,-3279.8466582783867,e929479f-2093-4319-a11f-762f66c5571f,minecraft:creeper,true,Creeper,[null]
490.4147073788528,110.0,-3180.892940042095,02f70d97-e609-45ec-bffa-d9e0a481c157,minecraft:chicken,true,Chicken,[null]
722.1778627973052,4.0,-3184.4867681132764,19bb710c-b91a-4b6a-b9ad-84057a48ce4e,minecraft:zombie,true,Zombie,[null]
716.5,-20.0,-3300.5,63d5a976-f9d9-430a-89c2-0a217ba88c75,minecraft:zombie,true,Zombie,[null]
606.1909225368934,0.0,-3343.809085208585,cc37c6a3-7ecc-432a-a84c-c48288397aec,minecraft:zombie,true,Zombie,[null]
628.4678293023495,-12.0,-3273.1514510285383,f15e98ce-801c-49c5-af58-afa53346ecd8,minecraft:creeper,true,Creeper,[null]
667.5345328337338,11.0,-3201.1671398513204,32a8d745-7a71-4fb8-8625-0f45b6b77259,minecraft:creeper,true,Creeper,[null]
711.5,76.0,-3212.5,84a97ae1-292b-426e-abb2-b49bf1491e3c,minecraft:villager,true,Librarian,[null]
713.5,76.0,-3212.5,ac2336fe-10e8-4c46-8476-c39b9c2aa2ec,minecraft:villager,true,Librarian,[null]
707.5,76.0,-3212.5,50a1b0a0-4e7d-4445-9adc-452880f219cd,minecraft:villager,true,Fletcher,[null]
705.4295652651425,76.0,-3212.699999988079,ea1e1c71-1d90-4a6d-b3f3-281ed8e2d03b,minecraft:villager,true,Cartographer,[null]
719.5,76.0,-3212.5,b264013c-b790-45f2-806e-0256ed004ce2,minecraft:villager,true,Butcher,[null]
715.5,76.0,-3212.5,71f5a816-b908-4a3d-ace5-851a64d6e59e,minecraft:villager,true,Librarian,[null]
717.5,76.0,-3212.5,87fc6e50-e9c3-4c8e-954c-9ea2ce392788,minecraft:villager,true,Librarian,[null]
709.5,76.0,-3212.5,42b80788-7117-4af6-9a8e-a6e483ff04e1,minecraft:villager,true,Librarian,[null]
593.5000763677077,-7.7477966597462755,-3263.0635926308123,4931494f-fed7-404b-820e-3bf50f06ff66,minecraft:zombie,true,Zombie,[null]
506.23338318840985,111.0,-3174.734702524566,630790d9-22df-4386-a9c0-c0d85a85c346,minecraft:sheep,true,Sheep,[null]
648.5,44.0,-3151.5,490c7894-ae06-4881-b52d-e7902871ab41,minecraft:creeper,true,Creeper,[null]
739.6728506252484,48.71791350234173,-3288.814296210867,e80c545a-c058-4186-af6e-7f9029301089,minecraft:dolphin,true,Dolphin,[null]
539.5,3.0625,-3129.5,d6016648-60df-4c6f-a13e-d4a9753850e0,minecraft:chest_minecart,true,Minecart with Chest,[null]
654.7941913866439,7.0,-3274.4832359392717,93de048d-9df3-48a7-9a5b-96e4a3488ac1,minecraft:creeper,true,Creeper,[null]
651.5,-16.0,-3324.5,55d7a94e-5170-46a5-993f-7175e5e42ed9,minecraft:creeper,true,Creeper,[null]
692.5,-5.0,-3193.5,a0c0f00c-05db-4a78-bf54-05ebf705f909,minecraft:skeleton,true,Skeleton,[null]
712.465714287074,56.31355669662731,-3279.401773716323,b566f5fb-07dc-4fc1-82d0-db04bcf75745,minecraft:cod,true,Cod,[null]
618.5,2.0,-3217.5,e0088352-111a-49a0-aabd-4e1b3dc82e31,minecraft:creeper,true,Creeper,[null]
680.6975288983392,43.0,-3200.637269573928,b4787979-b7a7-4acf-b02f-a172e9d4ba0d,minecraft:enderman,true,Enderman,[null]
691.1943741839418,16.0,-3199.2421213437356,b61edaf8-1437-4cba-a70a-a9388063c958,minecraft:zombie,true,Zombie,[null]
632.9132470286833,13.226661977863879,-3268.4924351080654,cc1d1c18-4549-4ee0-9a1d-a3df207f226f,minecraft:bat,true,Bat,[null]
666.6344654865496,68.0,-3198.300000011921,111d7f00-d14a-43c0-888a-abd934b50bcc,minecraft:enderman,true,Enderman,[null]
656.5,-16.0,-3188.5,04542606-d3aa-4b5a-8a99-ad97804bc920,minecraft:enderman,true,Enderman,[null]
795.0431199621704,63.0,-3126.0,1d811089-1116-47a3-abb0-bf9f28e583bb,minecraft:turtle,true,Turtle,[null]
657.4970049650067,12.783308268491144,-3209.938775487516,c52ec16e-12d5-49de-a7c3-76cd367e14a5,minecraft:bat,true,Bat,[null]
700.5381849215081,47.89635670887901,-3298.691210512546,ced0eb72-23c5-4b83-b070-5c25000c455d,minecraft:cod,true,Cod,[null]
619.563278715518,-10.0,-3284.1963072966346,af6a93fa-81fe-4da9-a3d9-f689cee6cfc9,minecraft:creeper,true,Creeper,[null]
689.2051188475621,42.0699677867771,-3194.5111169184224,f8000aa1-1b36-4b4a-9c15-c31cdebdf930,minecraft:bat,true,Bat,[null]
712.7822391493044,53.861773480728026,-3299.5005678982757,f7de766c-035f-4afd-af95-a8d9767b77c2,minecraft:cod,true,Cod,[null]
593.5,-21.0,-3260.5,ea374c5c-5329-46c8-934a-652bcefe39e9,minecraft:zombie,true,Zombie,[null]
666.5,10.0,-3316.5,e89260ac-6fbd-483f-af4a-3fcce68792a3,minecraft:zombie,true,Zombie,[null]
641.5079119654721,30.0,-3159.2686698329567,2f7610cd-969f-4dfa-970d-91d256dd278c,minecraft:skeleton,true,Skeleton,[null]
704.2621943093836,60.244193891994655,-3300.7113993763924,3ddb64ef-5f04-4354-a2ea-f217c8eccf78,minecraft:squid,true,Squid,[null]
655.5,37.0,-3278.5,39ba0cdb-4c48-4711-9984-d723254b4fb9,minecraft:creeper,true,Creeper,[null]
699.75,-9.87998104928689,-3198.284962980657,c9c9bfbe-049c-4df8-9933-1a561dce3307,minecraft:bat,true,Bat,[null]
608.5,47.0,-3271.5,10a3be7a-b5e2-4654-927d-bfb0efbb5cff,minecraft:zombie,true,Zombie,[null]
721.5,76.0,-3212.5,a62a70bb-627e-4f98-9012-ad0a01133473,minecraft:villager,true,Farmer,[null]
668.9363668524246,11.169539051464726,-3271.187013152253,fafdaaa5-d481-4024-9772-5d2fc6b5be07,minecraft:bat,true,Bat,[null]
675.5,-13.0,-3289.5,de2f56ad-963c-4197-b35d-7246cb8ed7cb,minecraft:creeper,true,Creeper,[null]
501.799678662251,112.0,-3073.246626488725,fa20c4c2-7a71-4504-8ef6-a5b7ebb43488,minecraft:sheep,true,Sheep,[null]
568.5,42.0,-3306.5,c05aebb1-a009-4010-a71a-0bf52b26adf8,minecraft:zombie,true,Zombie,[null]
657.731293828235,8.0,-3275.505327908251,e33293b9-3f60-4e87-a553-844b4026f5e3,minecraft:skeleton,true,Skeleton,[null]
697.3233656274082,57.79469321121261,-3342.4347352979835,7e66e700-5094-4afb-a24a-72cdf996c528,minecraft:dolphin,true,Dolphin,[null]
697.3750451426023,53.423954473667486,-3312.5040232554306,e39e6426-fb2a-4fa4-b24b-cf0826450508,minecraft:cod,true,Cod,[null]
696.329318618196,31.624834651339285,-3183.3065442666325,3d011f46-f31d-47e1-8486-271d8d854279,minecraft:bat,true,Bat,[null]
511.2724330858628,111.0,-3156.2122232814627,70aff9b1-e2a5-4d84-bebe-42294c0dc679,minecraft:pig,true,Pig,[null]
557.5,4.0625,-3104.5,519b52bb-4a01-450c-8aa9-e6d25242aa9d,minecraft:chest_minecart,true,Minecart with Chest,[null]
619.2928522633224,15.383567698966544,-3262.5141923876113,007ececd-ecbe-4513-94d5-988a3f3597ca,minecraft:bat,true,Bat,[null]
771.3969786236994,22.19999998807907,-3309.494150508195,a364b7d6-bb16-4370-9c04-479159de042e,minecraft:glow_squid,true,Glow Squid,[null]
545.5260408919553,113.0,-3393.7576939689484,c46d2b11-530a-4f60-8b72-6222e6fb5667,minecraft:pig,true,Pig,[null]
573.4044733586842,61.0,-3300.848813795637,6a50c55c-e321-481f-9ee3-26557220949d,minecraft:creeper,true,Creeper,[null]
598.4677852103487,-7.0,-3243.4000000059605,18d1e67e-252b-4088-9e67-30fbeec50bd3,minecraft:glow_squid,true,Glow Squid,[null]
613.5,18.0,-3280.5,5d1b7b0b-840c-4d37-b301-a70d6769e0f8,minecraft:enderman,true,Enderman,[null]
681.4499999880791,76.0,-3157.550000011921,ecf5d62d-a222-43a0-bc3e-8bd57becb5b0,minecraft:sheep,true,Sheep,[null]
682.2920515393185,76.0,-3157.300000011921,11bfcf32-9ce3-434a-ae12-b787cb0b6b6b,minecraft:villager,true,Villager,[null]
687.2381408937374,80.0,-3152.2838670604788,98e021c3-3fb5-4219-9de7-25ae76dd5f31,minecraft:sheep,true,Sheep,[null]
509.20483322921194,111.0,-3066.849044818125,addfa8f5-e3ff-4916-be9b-179c39dd4848,minecraft:sheep,true,Sheep,[null]
701.4144368184016,28.230490775011354,-3232.5037258731923,b9eb40a6-1bfb-441e-9b8e-9ef4f8587e77,minecraft:bat,true,Bat,[null]
698.5950736461637,59.01989809277124,-3302.1886216555436,d7f86593-c6f1-4fca-959b-fa81e2e8de55,minecraft:cod,true,Cod,[null]
690.793110072094,79.0,-3137.2531704542853,f7603ccb-b716-422e-b4ef-af8a707c2776,minecraft:villager,true,Leatherworker,[null]
580.5,79.0,-3255.5,f96367fc-4446-4307-ad20-d4d5e2880ec9,minecraft:skeleton,true,Skeleton,[null]
732.677001953125,69.0,-3231.110107421875,00c091a1-0e7c-46d9-9f01-db5338592b83,minecraft:item,true,Arrow,[null]
713.257516526016,77.0,-3167.9240767898395,187521d4-1362-4696-82ab-3b7c775d1844,minecraft:cow,true,Cow,[null]
472.1897151201685,115.0,-3161.1765233286924,a103a0dc-e995-4b36-8d20-5703286383cf,minecraft:cow,true,Cow,[null]
712.3925875803033,54.107979922942356,-3304.6169264088558,07ef05a1-a92b-4588-9efc-0a50c945c97c,minecraft:dolphin,true,Dolphin,[null]
511.2945590929309,104.0,-3082.8530938833205,1d6ff4cb-c0f2-4a13-8b51-a10fff10fc8c,minecraft:sheep,true,Sheep,[null]
648.1997333018859,7.0,-3304.6441581576605,17973d87-9d00-4d4c-8465-9ea1f3cab535,minecraft:spider,true,Spider,[null]
647.5,-4.0,-3259.5,dd02cf90-ec68-47a7-af15-7c0e800ce86e,minecraft:creeper,true,Creeper,[null]
698.8165905126891,7.120018950713108,-3173.3551542893338,0bff6e71-871d-4b81-abc8-ec7a3e400071,minecraft:bat,true,Bat,[null]
639.7435484958346,34.0,-3246.815596434019,fabee71e-f6e8-4b24-a069-243982a19030,minecraft:skeleton,true,Skeleton,[null]
697.4479295600208,52.27822775290816,-3298.4284674068094,b14cc417-961b-4668-ac3f-1131e37613de,minecraft:cod,true,Cod,[null]
666.875,37.0,-3235.875,9bed8eec-c533-4fbb-a25d-8cc1d506e7ab,minecraft:item,true,Rotten Flesh,[null]
700.5,-44.0,-3297.5,2dab8159-a658-41ac-93cf-fff9e5251857,minecraft:skeleton,true,Skeleton,[null]
619.2615955409723,44.0,-3233.5311295326896,08ad79a8-2b58-453e-b78c-fa7ca4991139,minecraft:skeleton,true,Skeleton,[null]
745.49169921875,70.0,-3205.137939453125,61f426f5-1f2d-4b57-b91b-8118a0116a6f,minecraft:item,true,Arrow,[null]
703.7083814309012,74.0,-3145.7666287660045,d96f653e-fe17-462d-a502-1fc59e5c118c,minecraft:sheep,true,Sheep,[null]
683.7448374604844,80.0,-3157.543696785858,ce5c8a64-568b-4539-86a4-e3be2970bba0,minecraft:villager,true,Nitwit,[null]
704.9058591216525,60.97313306936043,-3291.9062271179496,8e3cd708-cab9-4f90-9fd8-eaadc066d2e3,minecraft:cod,true,Cod,[null]
697.2771396339227,80.0,-3154.7573392779886,5d683f83-4bc1-4b2b-a6b8-f8f845c817e0,minecraft:iron_golem,true,Iron Golem,[null]
604.5,-3.0,-3234.5,e8dde5dd-fcb4-4012-a52f-71b2fbb1ff33,minecraft:skeleton,true,Skeleton,[null]
578.5,97.0,-3216.5,9ca78d23-f66a-4426-9c9d-6d21b3b616fa,minecraft:enderman,true,Enderman,[null]
712.0420422931202,54.003001992590725,-3288.5775940194726,1e90551a-017f-43f4-837e-2aba64fe5613,minecraft:squid,true,Squid,[null]
686.883037282154,28.914819025434554,-3352.756222870201,04bdf42f-9156-4daf-a361-da9a44d1fcb3,minecraft:glow_squid,true,Glow Squid,[null]
709.143108807532,51.994930103534436,-3306.4330112277607,1dd4a1fc-b05a-4ca8-8017-9ba26d89dc1c,minecraft:cod,true,Cod,[null]
618.5,-25.0,-3276.5,ad7d837c-2eff-4de9-b619-ed757f9eb7da,minecraft:skeleton,true,Skeleton,[null]
495.7896288006015,103.0,-3113.7934535860045,663a0501-23ed-473b-bd35-0cb728d74f23,minecraft:pig,true,Pig,[null]
620.4305149450255,33.0,-3209.819271295379,adc4030e-9a31-4fcd-975c-c496efbac251,minecraft:creeper,true,Creeper,[null]
638.0299870391844,70.0,-3372.9193563532317,d5a28ecb-2abe-425a-b8b3-58fd02467d50,minecraft:horse,true,Horse,[null]
690.5417927760121,76.0,-3124.59067368921,d367395a-84d1-425c-836f-854e7fa5ebb5,minecraft:villager,true,Villager,[null]
689.3872646781421,69.0,-3117.582893982194,874c8f28-6328-4306-9db3-2f8e241f8e74,minecraft:villager,true,Cleric,[null]
758.5269700496635,66.0,-3179.8616234871424,a1b58a2d-4923-4767-8174-4b473825f53b,minecraft:pig,true,Pig,[null]
607.444580078125,-13.0,-3245.040771484375,fa6ac944-94cb-4f6e-b036-883b61d8a3df,minecraft:item,true,Glow Ink Sac,[null]
719.9401839328299,68.0,-3120.033709355624,f8fa21cc-ded4-45b5-bc3b-71091b2d47e0,minecraft:iron_golem,true,Iron Golem,[null]
654.2283078326874,69.0,-3112.4759423677438,b6555ffd-cbe6-44b9-a991-29cb3e0a352d,minecraft:villager,true,Villager,[null]
648.1218598430235,64.0,-3399.8724753484003,a199e72c-23d4-4f49-b41f-e6c6e003ed69,minecraft:horse,true,Horse,[null]
677.1307049896076,66.0,-3083.3260532386726,3a705262-4f67-4786-a6c5-a75473bd356d,minecraft:chicken,true,Chicken,[null]
626.1257113574213,73.0,-3383.1256974973317,76110228-db9b-4987-8a1e-9cc2b909f869,minecraft:horse,true,Horse,[null]
610.7084930377846,84.0,-3156.505397830127,55551b95-db85-4d90-bb48-f6d3ad1e4af3,minecraft:enderman,true,Enderman,[null]
653.222527548024,67.0,-3101.157933168213,b526de13-b235-48a9-8ae5-bdf6df504c36,minecraft:chicken,true,Chicken,[null]
722.5511246097154,67.0,-3112.3983547632474,72d20fa0-ea5f-47d6-8d5f-dbab04d0f5a4,minecraft:villager,true,Cleric,[null]
661.2656990934329,63.0,-3077.755957337482,7d9345cd-c66a-44d5-9571-1adcd85b28cd,minecraft:chicken,true,Chicken,[null]
653.8684708038095,65.0,-3075.4919989741106,16f99f65-a355-4691-b3f8-bab650501eed,minecraft:chicken,true,Chicken,[null]
636.5,-0.9375,-3413.5,e75d4018-5bea-43af-9859-69b29d69da11,minecraft:chest_minecart,true,Minecart with Chest,[null]
536.4353975325869,109.0,-3172.81737000269,eb39872f-159e-4995-bc50-48fad08ab557,minecraft:chicken,true,Chicken,[null]
621.5,-1.9375,-3413.5,a428b528-8b4b-4f16-ac85-218c81b05de1,minecraft:chest_minecart,true,Minecart with Chest,[null]
630.5180122219797,68.0,-3081.778012783851,be821132-d4db-4f89-b43a-bf8516d64d84,minecraft:chicken,true,Chicken,[null]
732.0890124425024,66.0,-3087.96746813994,b0ad1ce6-f6f4-4444-b9bc-40193a040ec3,minecraft:villager,true,Leatherworker,[null]
564.5,4.0625,-3102.5,4b9a790b-7801-4329-8055-5eca3c3a19d0,minecraft:chest_minecart,true,Minecart with Chest,[null]
597.4279193027369,83.0,-3117.158551898833,50a75816-26e1-4007-8500-51253d7e6b9e,minecraft:chicken,true,Chicken,[null]
647.2684615267167,-4.0,-3257.49999502971,b98ff537-ae11-4468-b3ec-62ae7051fbfc,minecraft:zombie,true,Zombie,[null]
662.4996271584782,69.0,-3297.777835366738,63fd8dcf-dadf-45b2-95f5-4456899de7db,minecraft:zombie,true,Zombie,[null]
722.5,22.0,-3188.5,b99b0e03-e50c-420c-a824-8f1cdfb59831,minecraft:spider,true,Spider,[null]
652.5,0.0,-3255.5,3a357573-2201-4fb1-ba78-12a1089a91bb,minecraft:enderman,true,Enderman,[null]
649.252685546875,65.0,-3067.04736328125,e28f4de9-a42d-4d81-a01c-d660db59b471,minecraft:item,true,Egg,[null]
634.1083783666039,65.0,-3070.494818007246,bd83a301-7653-4d76-b087-257524b65981,minecraft:chicken,true,Chicken,[null]
591.6566461465452,64.0,-3059.8377336656363,d1cae905-ef18-47ab-a671-76c4f4143e19,minecraft:horse,true,Horse,[null]
574.1091936505405,65.0,-3068.896729037158,ea914722-492a-4520-a616-cdceb92b218d,minecraft:horse,true,Horse,[null]
575.11352996927,65.0,-3060.886434315119,7fb7e61a-696e-4114-91fe-404221215bcc,minecraft:horse,true,Horse,[null]
715.6664563602839,56.70333919043468,-3296.0090258415403,45a00ff7-d9c3-4a02-aee4-db88d6781aeb,minecraft:cod,true,Cod,[null]
711.495931819096,53.101784293617094,-3304.798882241152,1eb7c447-a764-47b0-a53b-fc9d772f6e59,minecraft:cod,true,Cod,[null]
627.5,13.0,-3175.5,6a30e3d7-c0c1-4d92-a102-84d8015c1319,minecraft:creeper,true,Creeper,[null]
